mysql> SHOW DATABASES;
+--------------------+
| Database           |
+--------------------+
| dbms1a             |
| dbms2              |
| information_schema |
| movie_data         |
| mysql              |
| performance_schema |
| sakila             |
| sys                |
| world              |
+--------------------+
9 rows in set (0.02 sec)

mysql> USE DBMS1A;
Database changed
mysql> SHOW TABLES;
+------------------+
| Tables_in_dbms1a |
+------------------+
| employee         |
+------------------+
1 row in set (0.02 sec)

mysql> DESCRIBE employee;
+-----------+--------------+------+-----+---------+-------+
| Field     | Type         | Null | Key | Default | Extra |
+-----------+--------------+------+-----+---------+-------+
| E_no      | int          | YES  |     | NULL    |       |
| E_address | varchar(50)  | YES  |     | NULL    |       |
| E_ph_no   | varchar(50)  | YES  |     | NULL    |       |
| Dept_name | varchar(50)  | YES  |     | NULL    |       |
| JOB_id    | varchar(100) | YES  |     | NULL    |       |
| Salary    | int          | YES  |     | NULL    |       |
| HIREDDATE | date         | YES  |     | NULL    |       |
+-----------+--------------+------+-----+---------+-------+
7 rows in set (0.01 sec)

mysql> ALTER TABLE employee MODIFY COLUMN JOB_id varchar(50);
Query OK, 1 row affected (0.19 sec)
Records: 1  Duplicates: 0  Warnings: 0

mysql> DESCRIBE employee;
+-----------+-------------+------+-----+---------+-------+
| Field     | Type        | Null | Key | Default | Extra |
+-----------+-------------+------+-----+---------+-------+
| E_no      | int         | YES  |     | NULL    |       |
| E_address | varchar(50) | YES  |     | NULL    |       |
| E_ph_no   | varchar(50) | YES  |     | NULL    |       |
| Dept_name | varchar(50) | YES  |     | NULL    |       |
| JOB_id    | varchar(50) | YES  |     | NULL    |       |
| Salary    | int         | YES  |     | NULL    |       |
| HIREDDATE | date        | YES  |     | NULL    |       |
+-----------+-------------+------+-----+---------+-------+
7 rows in set (0.01 sec)

mysql> ALTER TABLE employee MODIFY COLUMN JOB_id varchar(100);
Query OK, 1 row affected (0.09 sec)
Records: 1  Duplicates: 0  Warnings: 0

mysql> DESCRIBE employee;
+-----------+--------------+------+-----+---------+-------+
| Field     | Type         | Null | Key | Default | Extra |
+-----------+--------------+------+-----+---------+-------+
| E_no      | int          | YES  |     | NULL    |       |
| E_address | varchar(50)  | YES  |     | NULL    |       |
| E_ph_no   | varchar(50)  | YES  |     | NULL    |       |
| Dept_name | varchar(50)  | YES  |     | NULL    |       |
| JOB_id    | varchar(100) | YES  |     | NULL    |       |
| Salary    | int          | YES  |     | NULL    |       |
| HIREDDATE | date         | YES  |     | NULL    |       |
+-----------+--------------+------+-----+---------+-------+
7 rows in set (0.00 sec)

mysql> ALTER TABLE employee MODIFY COLUMN JOB_id VARCHAR2(50);
ERROR 1064 (42000): You have an error in your SQL syntax; check the manual that corresponds to your MySQL server version for the right syntax to use near 'VARCHAR2(50)' at line 1
mysql> CREATE DATABASE dbms2;
ERROR 1007 (HY000): Can't create database 'dbms2'; database exists
mysql> USE dbms2;
Database changed
mysql> CREATE STUDENT008(sno varchar(50),sname varchar(50),year int);
ERROR 1064 (42000): You have an error in your SQL syntax; check the manual that corresponds to your MySQL server version for the right syntax to use near 'STUDENT008(sno varchar(50),sname varchar(50),year int)' at line 1
mysql> CREATE TABLE STUDENT008(sno varchar(50),sname varchar(50),year int);
ERROR 1050 (42S01): Table 'student008' already exists
mysql> INSERT INTO STUDENT008 VALUES (4010,"SAMBA",3);
Query OK, 1 row affected (0.01 sec)

mysql> SELECT * FROM STUDENT008;
+------+----------+------+
| sno  | sname    | year |
+------+----------+------+
| 4008 | SAMBARAN |    3 |
| 4009 | ARANI    |    3 |
| 4010 | SAMBA    |    3 |
+------+----------+------+
3 rows in set (0.00 sec)

mysql> UPDATE STUDENT008 SET sname = "IRANI" WHERE sno = '4009';
Query OK, 1 row affected (0.01 sec)
Rows matched: 1  Changed: 1  Warnings: 0

mysql> SELECT * FROM STUDENT008;
+------+----------+------+
| sno  | sname    | year |
+------+----------+------+
| 4008 | SAMBARAN |    3 |
| 4009 | IRANI    |    3 |
| 4010 | SAMBA    |    3 |
+------+----------+------+
3 rows in set (0.00 sec)

mysql> DELETE FROM STUDENT008 WHERE sno = "4009";
Query OK, 1 row affected (0.01 sec)

mysql> SELECT * FROM STUDENT008;
+------+----------+------+
| sno  | sname    | year |
+------+----------+------+
| 4008 | SAMBARAN |    3 |
| 4010 | SAMBA    |    3 |
+------+----------+------+
2 rows in set (0.00 sec)

mysql> INSERT INTO STUDENT008 VALUES (4011,"RAMBA",3);
Query OK, 1 row affected (0.01 sec)

mysql> SELECT * FROM STUDENT008;
+------+----------+------+
| sno  | sname    | year |
+------+----------+------+
| 4008 | SAMBARAN |    3 |
| 4010 | SAMBA    |    3 |
| 4011 | RAMBA    |    3 |
+------+----------+------+
3 rows in set (0.00 sec)

mysql> INSERT INTO STUDENT008 VALUES (4012,"MAMBA",4);
Query OK, 1 row affected (0.01 sec)

mysql> SELECT * FROM STUDENT008;
+------+----------+------+
| sno  | sname    | year |
+------+----------+------+
| 4008 | SAMBARAN |    3 |
| 4010 | SAMBA    |    3 |
| 4011 | RAMBA    |    3 |
| 4012 | MAMBA    |    4 |
+------+----------+------+
4 rows in set (0.00 sec)

mysql> SELECT sname FROM STUDENT008 WHERE year > 3;
+-------+
| sname |
+-------+
| MAMBA |
+-------+
1 row in set (0.00 sec)

mysql> TRUNCATE TABLE STUDENT008;
Query OK, 0 rows affected (0.07 sec)

mysql> exit
